{"Cell_processes": [
    {
        "image_url": "http://www.cellimagelibrary.org/cil_ccdb/display_images/24788/display_24788.png",
        "Query_file": "Actin_based_processes.json",
        "Count": 76,
        "Name": "Actin Based Processes"
    },
    {
        "image_url": "http://www.cellimagelibrary.org/cil_ccdb/display_images/9530/display_9530.png",
        "Query_file": "Cell_adhesion.json",
        "Count": 348,
        "Name": "Cell Adhesion"
    },
    {
        "image_url": "http://www.cellimagelibrary.org/cil_ccdb/display_images/35488/display_35488.png",
        "Query_file": "Cell_death.json",
        "Count": 34,
        "Name": "Cell Death"
    },
    {
        "image_url": "http://www.cellimagelibrary.org/cil_ccdb/display_images/13397/display_13397.png",
        "Query_file": "Cell_division.json",
        "Count": 813,
        "Name": "Cell Division"
    },
    {
        "image_url": "http://www.cellimagelibrary.org/cil_ccdb/display_images/9685/display_9685.png",
        "Query_file": "Cell_migration_Motility.json",
        "Count": 298,
        "Name": "Cell Migration & Motility"
    },
    {
        "image_url": "http://www.cellimagelibrary.org/cil_ccdb/display_images/701/display_701.png",
        "Query_file": "Cell_polarity_establishment_maintenance.json",
        "Count": 356,
        "Name": "Cell Polarity Establishment & Maintenance"
    },
    {
        "image_url": "http://www.cellimagelibrary.org/cil_ccdb/display_images/13152/display_13152.png",
        "Query_file": "Cell_wall_organization_maintenance.json",
        "Count": 19,
        "Name": "Cell Wall Organization & Maintenance"
    },
    {
        "image_url": "http://www.cellimagelibrary.org/cil_ccdb/display_images/13729/display_13729.png",
        "Query_file": "Cellular_respiration.json",
        "Count": 226,
        "Name": "Cellular Respiration"
    },
    {
        "image_url": "http://www.cellimagelibrary.org/cil_ccdb/display_images/700/display_700.png",
        "Query_file": "Chromosome_organization.json",
        "Count": 360,
        "Name": "Chromosome Organization"
    },
    {
        "image_url": "http://www.cellimagelibrary.org/cil_ccdb/display_images/700/display_700.png",
        "Query_file": "Development_of_multicellular_organisms.json",
        "Count": 441,
        "Name": "Development of Multicellular Organisms"
    },
    {
        "image_url": "http://www.cellimagelibrary.org/cil_ccdb/display_images/35274/display_35274.png",
        "Query_file": "DNA_metabolism.json",
        "Count": 146,
        "Name": "DNA Metabolism"
    },
    {
        "image_url": "http://www.cellimagelibrary.org/cil_ccdb/display_images/13150/display_13150.png",
        "Query_file": "ER_organization_and_maintenance .json",
        "Count": 28,
        "Name": "ER Organization and Maintenance"
    },
    {
        "image_url": "http://www.cellimagelibrary.org/cil_ccdb/display_images/7199/display_7199.png",
        "Query_file": "Golgi_organization_and_maintenance.json",
        "Count": 210,
        "Name": "Golgi Organization and Maintenance"
    },
    {
        "image_url": "http://www.cellimagelibrary.org/cil_ccdb/display_images/11099/display_11099.png",
        "Query_file": "Immune_system_processes.json",
        "Count": 66,
        "Name": "Immune System Processes"
    },
    {
        "image_url": "http://www.cellimagelibrary.org/cil_ccdb/display_images/10052/display_10052.png",
        "Query_file": "Intermediate_filament_based_processes.json",
        "Count": 29,
        "Name": "Intermediate Filament Based Processes"
    },
    {
        "image_url": "http://www.cellimagelibrary.org/cil_ccdb/display_images/2882/display_2882.png",
        "Query_file": "Microtubule_based_processes.json",
        "Count": 403,
        "Name": "Microtubule Based Processes"
    },
    {
        "image_url": "http://www.cellimagelibrary.org/cil_ccdb/display_images/24923/display_24923.png",
        "Query_file": "Mitochondrial Organization and Maintenance.json",
        "Count": 209,
        "Name": "Mitochondrial Organization and Maintenance"
    },
    {
        "image_url": "http://www.cellimagelibrary.org/cil_ccdb/display_images/12552/display_12552.png",
        "Query_file": "Neuronal Processes.json",
        "Count": 52,
        "Name": "Neuronal Processes"
    },
    {
        "image_url": "http://www.cellimagelibrary.org/cil_ccdb/display_images/36032/display_36032.png",
        "Query_file": "Nuclear_organization.json",
        "Count": 261,
        "Name": "Nuclear Organization"
    },
    {
        "image_url": "http://www.cellimagelibrary.org/cil_ccdb/display_images/30546/display_30546.png",
        "Query_file": "Phagocytosis.json",
        "Count": 34,
        "Name": "Phagocytosis"
    },
    {
        "image_url": "http://www.cellimagelibrary.org/cil_ccdb/display_images/39077/display_39077.png",
        "Query_file": "Photosynthesis.json",
        "Count": 112,
        "Name": "Photosynthesis"
    },
    {
        "image_url": "http://www.cellimagelibrary.org/cil_ccdb/display_images/10004/display_10004.png",
        "Query_file": "Plasma_membrane_organization_and_maintenance.json",
        "Count": 157,
        "Name": "Plasma Membrane Organization and Maintenance"
    },
    {
        "image_url": "http://www.cellimagelibrary.org/cil_ccdb/display_images/25688/display_25688.png",
        "Query_file": "Plastid_organization_and_maintenance.json",
        "Count": 37,
        "Name": "Plastid Organization and Maintenance"
    },
    {
        "image_url": "http://www.cellimagelibrary.org/cil_ccdb/display_images/10763/display_10763.png",
        "Query_file": "Protein_synthesis.json",
        "Count": 32,
        "Name": "Protein Synthesis"
    },
    {
        "image_url": "http://www.cellimagelibrary.org/cil_ccdb/display_images/9776/display_9776.png",
        "Query_file": "Protein_trafficking.json",
        "Count": 279,
        "Name": "Protein Trafficking"
    },
    {
        "image_url": "http://www.cellimagelibrary.org/cil_ccdb/display_images/9778/display_9778.png",
        "Query_file": "Proteolysis.json",
        "Count": 53,
        "Name": "Proteolysis"
    },
    {
        "image_url": "http://www.cellimagelibrary.org/cil_ccdb/display_images/12607/display_12607.png",
        "Query_file": "Reproductive_processes.json",
        "Count": 394,
        "Name": "Reproductive Processes"
    },
    {
        "image_url": "http://www.cellimagelibrary.org/cil_ccdb/display_images/11029/display_11029.png",
        "Query_file": "RNA_metabolism.json",
        "Count": 80,
        "Name": "RNA Metabolism"
    },
    {
        "image_url": "http://www.cellimagelibrary.org/cil_ccdb/display_images/14971/display_14971.png",
        "Query_file": "Signal_transduction.json",
        "Count": 196,
        "Name": "Signal Transduction"
    },
    {
        "image_url": "http://www.cellimagelibrary.org/cil_ccdb/display_images/9843/display_9843.png",
        "Query_file": "Vacuole_organization_and_maintenance.json",
        "Count": 93,
        "Name": "Vacuole Organization and Maintenance"
    },
    {
        "image_url": "http://www.cellimagelibrary.org/cil_ccdb/display_images/38804/display_38804.png",
        "Query_file": "Viral_processes.json",
        "Count": 42,
        "Name": "Viral Processes"
    }
]}