{
    "query": {
        "query_string" : {
            "fields" : ["CIL_CCDB.CIL.CORE.BIOLOGICALPROCESS.onto_id"],
            "default_operator": "OR",
            "use_dis_max" : true,
             "query" : " \"GO:0061166\"  \"GO:0061167\"  \"GO:0090159\"  \"GO:0071816\"  \"GO:0090158\"  \"GO:0061163\"  \"GO:0061164\"  \"GO:0061165\"  \"GO:0045049\"  \"GO:0045048\"  \"GO:0007029\"  \"GO:0048309\"  \"GO:0045052\"  \"GO:0045050\"  \"GO:0045051\"  \"GO:0071783\"  \"GO:0071784\"  \"GO:0071787\"  \"GO:0071788\"  \"GO:0071785\"  \"GO:0071786\"  \"GO:0006616\" "}
    }
}