{
    "query": {
        "query_string" : {
            "fields" : ["CIL_CCDB.CIL.CORE.BIOLOGICALPROCESS.onto_id"],
            "default_operator": "OR",
            "use_dis_max" : true,
             "query" : " \"GO:0007290\"  \"GO:0031081\"  \"GO:0035040\"  \"GO:0035041\"  \"GO:0035042\"  \"GO:0035043\"  \"GO:0007576\"  \"GO:0051292\"  \"GO:0001303\"  \"GO:0090292\"  \"GO:0006998\"  \"GO:0006999\"  \"GO:0048288\"  \"GO:0030264\"  \"GO:0032124\"  \"GO:0032125\"  \"GO:0035038\"  \"GO:0035039\"  \"GO:0010197\"  \"GO:0007344\"  \"GO:0000745\"  \"GO:0000744\"  \"GO:0000742\"  \"GO:0000741\"  \"GO:0051334\"  \"GO:0051335\"  \"GO:0051333\"  \"GO:0071765\"  \"GO:0071763\"  \"GO:0071764\"  \"GO:0030576\"  \"GO:0018985\"  \"GO:0031468\"  \"GO:0030575\"  \"GO:0030578\"  \"GO:0030577\"  \"GO:0035063\"  \"GO:0007077\"  \"GO:0007078\"  \"GO:0017126\"  \"GO:0007084\"  \"GO:0007087\"  \"GO:0007000\"  \"GO:0007086\"  \"GO:0007289\"  \"GO:0035092\"  \"GO:0035093\"  \"GO:0051080\"  \"GO:0043578\"  \"GO:0006997\"  \"GO:0051081\"  \"GO:0051079\"  \"GO:0051078\"  \"GO:0048310\"  \"GO:0034994\" "}
    }
}