{
    "query": {
        "query_string" : {
            "fields" : ["CIL_CCDB.CIL.CORE.BIOLOGICALPROCESS.onto_id"],
            "default_operator": "OR",
            "use_dis_max" : true,
             "query" : " \"GO:0009772\"  \"GO:0009771\"  \"GO:0009770\"  \"GO:0009773\"  \"GO:0009779\"  \"GO:0009778\"  \"GO:0009777\"  \"GO:0048564\"  \"GO:0019685\"  \"GO:0019684\"  \"GO:0009761\"  \"GO:0009760\"  \"GO:0009780\"  \"GO:0010270\"  \"GO:0009765\"  \"GO:0009764\"  \"GO:0009763\"  \"GO:0009762\"  \"GO:0009769\"  \"GO:0009768\"  \"GO:0009767\"  \"GO:0009766\"  \"GO:0010207\"  \"GO:0019253\"  \"GO:0015979\"  \"GO:0010206\" "}
    }
}