{
    "query": {
        "query_string" : {
            "fields" : ["CIL_CCDB.CIL.CORE.BIOLOGICALPROCESS.onto_id"],
            "default_operator": "OR",
            "use_dis_max" : true,
             "query" : " \"GO:0010020\"  \"GO:0080177\"  \"GO:0042793\"  \"GO:0042794\"  \"GO:0090391\"  \"GO:0009659\"  \"GO:0009658\"  \"GO:0009657\"  \"GO:0009904\"  \"GO:0009903\"  \"GO:0009902\"  \"GO:0033258\"  \"GO:0033614\"  \"GO:0010111\"  \"GO:0032544\"  \"GO:0033259\"  \"GO:0010151\"  \"GO:0009662\"  \"GO:0009661\"  \"GO:0009660\"  \"GO:0009666\"  \"GO:0009665\"  \"GO:0009668\"  \"GO:0043579\"  \"GO:0009667\"  \"GO:0010027\"  \"GO:0010547\" "}
    }
}