{
    "query": {
        "query_string" : {
            "fields" : ["CIL_CCDB.CIL.CORE.BIOLOGICALPROCESS.onto_id"],
            "default_operator": "OR",
            "use_dis_max" : true,
             "query" : " \"GO:0070682\"  \"GO:0043248\"  \"GO:0080129\"  \"GO:0000045\"  \"GO:0034727\"  \"GO:0071211\"  \"GO:0045771\"  \"GO:0045772\"  \"GO:0006914\"  \"GO:0030242\"  \"GO:0035973\"  \"GO:0016236\"  \"GO:0016237\"  \"GO:0035695\"  \"GO:0034263\"  \"GO:0075073\"  \"GO:0000426\"  \"GO:0075074\"  \"GO:0000425\"  \"GO:0000424\"  \"GO:0000423\"  \"GO:0000422\"  \"GO:0075191\"  \"GO:0075071\"  \"GO:0000046\"  \"GO:0075072\"  \"GO:0034517\"  \"GO:0075044\"  \"GO:0071562\"  \"GO:0016240\"  \"GO:0030398\"  \"GO:0016243\"  \"GO:0030399\"  \"GO:0042787\" "}
    }
}